Principle,Success criterion,Name,Level,Round 1 status,Round 2 status,Round 3 status (current),Evidence and findings (current),Where
"Perceivable","1.1.1","Non-text Content","A","Supports","Supports","Supports","No informative images. Decorative glyphs (▾ chevrons, ✓ and step numerals in accordion circles) carry aria-hidden=""true"". ""↗"" on external links is followed by sr-only ""(opens in a new tab)"". ""→""/""←"" arrows are inside text button names and may be read aloud (""right arrow"") but do not replace text.","All steps; accordion headers L257, L282, L344, L390, L450, L512; notes L781"
"Perceivable","1.2.1","Audio-only and Video-only (Prerecorded)","A","Not applicable","Not applicable","Not applicable","No audio or video anywhere in the builder or its outputs (no <audio>, <video>, <iframe> media found in source).","—"
"Perceivable","1.2.2","Captions (Prerecorded)","A","Not applicable","Not applicable","Not applicable","No synchronized media.","—"
"Perceivable","1.2.3","Audio Description or Media Alternative (Prerecorded)","A","Not applicable","Not applicable","Not applicable","No synchronized media.","—"
"Perceivable","1.2.4","Captions (Live)","AA","Not applicable","Not applicable","Not applicable","No live media.","—"
"Perceivable","1.2.5","Audio Description (Prerecorded)","AA","Not applicable","Not applicable","Not applicable","No synchronized media.","—"
"Perceivable","1.2.6","Sign Language (Prerecorded)","AAA","Not applicable","Not applicable","Not applicable","No synchronized media.","—"
"Perceivable","1.2.7","Extended Audio Description (Prerecorded)","AAA","Not applicable","Not applicable","Not applicable","No synchronized media.","—"
"Perceivable","1.2.8","Media Alternative (Prerecorded)","AAA","Not applicable","Not applicable","Not applicable","No synchronized media.","—"
"Perceivable","1.2.9","Audio-only (Live)","AAA","Not applicable","Not applicable","Not applicable","No live audio.","—"
"Perceivable","1.3.1","Info and Relationships","A","Partially supports","Partially supports","Supports","Every visual heading is now marked up: step h2s; accordion questions as h3 wrapping the button; section titles as h3; draft clause labels in the live draft and mobile sheet are now h4 under the ""Your draft so far"" h3 (L841 and sheet); ""Left open for now"" is an h4 under the tracker h3 (L763 and the narrow copy). Required fields are exposed as required. Browser-checked (Chromium, Round 3). Visible heading outlines were extracted on Limited and Result, e.g. H2 › H3 › H4 in order with no skipped levels.","All steps; live draft; tracker"
"Perceivable","1.3.2","Meaningful Sequence","A","Supports","Supports","Supports","DOM order matches visual order: step content → navigation → <aside> draft/tracker. On narrow layouts the tracker and notes are duplicated into <main> (.only-narrow) after the outputs, keeping the order the same.","All steps; result L687–803"
"Perceivable","1.3.3","Sensory Characteristics","A","Supports","Supports","Supports","Instructions name the control and not only its position. The new blocker messages name the question (e.g. ""Answer question 2, when students should disclose GenAI use, to continue.""; blocker() L1658). No shape- or color-only instructions.","Nav hint L822; blocker() L1658"
"Perceivable","1.3.4","Orientation","AA","Supports","Supports","Supports","No orientation lock; layout switches from two columns to one at 1000px (@media L41).","All"
"Perceivable","1.3.5","Identify Input Purpose","AA","Not applicable","Not applicable","Not applicable","No fields collect information about the user (name, email, etc.). All inputs are policy wording or assignment names, which have no HTML autocomplete purpose.","—"
"Perceivable","1.3.6","Identify Purpose","AAA","Partially supports","Partially supports","Partially supports","Landmarks identify regions; custom card controls expose roles. There is no personalization semantics, and the draft panel is an unlabeled region.","—"
"Perceivable","1.4.1","Use of Color","A","Supports","Supports","Supports","Selected cards change background and add a 2px inset ring (thickness change, not color alone) and expose aria-checked/aria-pressed. Allowed vs Not allowed lists are separated by headings. Links outside text blocks are standalone, and text links (""revisit"", ""Skip for now"") are underlined.","Option-card CSS L50–56"
"Perceivable","1.4.2","Audio Control","A","Not applicable","Not applicable","Not applicable","No audio.","—"
"Perceivable","1.4.3","Contrast (Minimum)","AA","Partially supports","Supports","Supports","Placeholder color is set explicitly (L48): the browser computes rgb(71,66,56) = #474238, 8.38:1 on #F5EAD8. All measured text pairs pass 4.5:1 (lowest 7.19:1). Browser-checked (Chromium, Round 3).","CSS L48; inputs throughout"
"Perceivable","1.4.4","Resize Text","AA","Needs manual test","Needs manual test","Supports","Tested with 200% zoom (a 640 CSS px layout, the equivalent of 1280px at 200%) on all 15 screens (13 steps plus both result views): no horizontal overflow and no clipped content (15/15 pass). Met through browser zoom (technique G142); Firefox text-only zoom was not tested. Browser-checked (Chromium, Round 3).","All screens"
"Perceivable","1.4.5","Images of Text","AA","Supports","Supports","Supports","No images of text in the builder UI.","—"
"Perceivable","1.4.6","Contrast (Enhanced)","AAA","Partially supports","Supports","Supports","With the placeholder fixed, every measured text pair is ≥7:1 (lowest 7.19:1).","Contrast table"
"Perceivable","1.4.7","Low or No Background Audio","AAA","Not applicable","Not applicable","Not applicable","No audio.","—"
"Perceivable","1.4.8","Visual Presentation","AAA","Does not support","Does not support","Supports","Fixed: text blocks are capped at 80ch (previously up to 100ch); the tools textarea is left-aligned (L333); line height is ≥1.5 in text blocks (raised the ""Your choice"" summary and mobile bar text from 1.45/1.35); multi-paragraph notes now have 1.5em paragraph spacing. Nothing is justified. Colors are not locked, so user or OS color overrides apply. 200% resize with no horizontal scroll is confirmed by the 1.4.4 test.","All steps; Tools L333; notes"
"Perceivable","1.4.9","Images of Text (No Exception)","AAA","Supports","Supports","Supports","No images of text.","—"
"Perceivable","1.4.10","Reflow","AA","Partially supports","Needs manual test","Supports","Tested at 320 CSS px (equivalent to 400% zoom at 1280px) on all 15 screens (13 steps plus both result views), with every accordion and compare panel forced open: no content extends past 320px and nothing is clipped (15/15 pass). Browser-checked (Chromium, Round 3). Method: the 320px width was set on the document while the single-column (<1000px) layout was active; the builder has only that one breakpoint. Hands-on (reviewer, Sept 29, 2026, macOS; browser and version not recorded): at 400% zoom, content reflowed and stayed usable.","All screens"
"Perceivable","1.4.11","Non-text Contrast","AA","Partially supports","Supports","Supports","The answered-question circle now has a #3D3000 glyph on #FEE123 (9.87:1) and a 2px #645C50 border that gives the shape 6.59:1 against the white panel. The mobile ""View draft"" focus ring is now #FEE123 on the #154733 bar (8.1:1, CSS L49). Card, chip and input borders and the selected ring all pass (see contrast table).","Accordion circles; mobile bar L905–908"
"Perceivable","1.4.12","Text Spacing","AA","Needs manual test","Needs manual test","Supports","The WCAG text-spacing overrides (line-height 1.5, paragraph spacing 2em, letter-spacing .12em, word-spacing .16em) were applied at 320px and at 924px on all 15 screens: no overflow and no clipped text (30/30 pass). Browser-checked (Chromium, Round 3).","All screens"
"Perceivable","1.4.13","Content on Hover or Focus","AA","Supports","Supports","Supports","No custom tooltips or popovers. Discipline cards use a native title attribute (L159), which the browser renders and is outside this criterion; its content is also not essential.","Discipline L162"
"Operable","2.1.1","Keyboard","A","Partially supports","Supports","Supports","Draft scroller has tabindex 0, role=region and a label (L831); tabs support arrow/Home/End; radios support arrow keys. Browser-checked (Chromium, Round 3). The draft region reports tabIndex 0. Hands-on (reviewer, Sept 29, 2026, macOS; browser and version not recorded): keyboard operation worked.","L831, L1751, L1900"
"Operable","2.1.2","No Keyboard Trap","A","Supports","Supports","Supports","Only one place holds focus: the mobile sheet, which is an intentional modal. Tab and Shift+Tab cycle inside it, and Escape or Close exits and returns focus to ""View draft"" (keys handler L1124, closeSheet L1657). No other traps.","Mobile sheet L913; L1124"
"Operable","2.1.3","Keyboard (No Exception)","AAA","Partially supports","Supports","Supports","Same as 2.1.1: no remaining keyboard-only gaps found in code.","—"
"Operable","2.1.4","Character Key Shortcuts","A","Not applicable","Not applicable","Not applicable","No single-character shortcuts. The document key handler (L1124) acts only while the sheet is open, and only on Escape and Tab.","—"
"Operable","2.2.1","Timing Adjustable","A","Not applicable","Not applicable","Not applicable","No time limits. The ""Copied"" label reverts after 2.2s, which is feedback rather than a limit; the ""Draft now has…"" announcement is delayed 0.7s (L1130). Saved answers persist without expiry.","—"
"Operable","2.2.2","Pause, Stop, Hide","A","Not applicable","Not applicable","Not applicable","No moving, blinking or auto-updating content longer than 5s. The sheet slide-in is 0.22s and the progress transition 0.3s.","—"
"Operable","2.2.3","No Timing","AAA","Supports","Supports","Supports","Timing is not essential to any part of the activity.","—"
"Operable","2.2.4","Interruptions","AAA","Supports","Supports","Supports","No interruptions. Status messages are polite live-region updates only.","—"
"Operable","2.2.5","Re-authenticating","AAA","Not applicable","Not applicable","Not applicable","No authentication.","—"
"Operable","2.2.6","Timeouts","AAA","Not applicable","Not applicable","Not applicable","No inactivity timeouts; data persists in localStorage (componentDidUpdate L1130).","—"
"Operable","2.3.1","Three Flashes or Below Threshold","A","Supports","Supports","Supports","No flashing content.","—"
"Operable","2.3.2","Three Flashes","AAA","Supports","Supports","Supports","No flashing content.","—"
"Operable","2.3.3","Animation from Interactions","AAA","Does not support","Does not support","Does not support","Unchanged: the sheet slide-up (keyframes L57, applied L913) and the progress-bar transition have no prefers-reduced-motion override.","L57, L913; progress bar"
"Operable","2.4.1","Bypass Blocks","A","Supports","Supports","Supports","<header>, <main> and <aside> landmarks, and focus moves to the step heading on each step change (focusStep L1163). There is no visible skip link; one is recommended but not required.","All"
"Operable","2.4.2","Page Titled","A","Supports","Supports","Supports","<title> set (L7); the print window gets a <title> (exportHTML L1448).","—"
"Operable","2.4.3","Focus Order","A","Partially supports","Partially supports","Supports","Fixed in Round 3: ""Add an acknowledgment or citation expectation…"" now moves focus to the first citation option and announces ""Citation options shown.""; ""Rebuild from my answers"" and ""Keep my edited text"" move focus to the view's textarea. Browser-checked (Chromium, Round 3). Passed: Disclosure Q1 auto-advance focuses the Q2 header; ""Next: not allowed"" focuses its header; the blocked Continue focuses the missing answer or field; ""← Syllabus summary"" and ""View Canvas version →"" focus the view h2; both stale-alert buttons focus #f-policy; the mobile sheet moves focus to Close on open, sets the background inert, keeps Tab inside, and on Escape closes and returns focus to ""View draft"". Tab and Escape were simulated with keyboard events. Hands-on (reviewer, Sept 29, 2026, macOS; browser and version not recorded): on each new step, focus landed on the step heading, and focus order was accurate.","All flows listed"
"Operable","2.4.4","Link Purpose (In Context)","A","Supports","Supports","Supports","The two <a> links have descriptive text plus ""(opens in a new tab)"". ""revisit"" and ""take another look"" in the tracker are buttons (covered under 4.1.2/2.4.6).","Notes L781–782"
"Operable","2.4.5","Multiple Ways","AA","Not applicable","Not applicable","Not applicable","The builder is a single page whose steps are part of a process (explicit exception). The tracker also offers direct ""revisit"" jumps.","—"
"Operable","2.4.6","Headings and Labels","AA","Partially supports","Supports","Supports","""revisit"" and ""take another look"" now have unique accessible names (""Revisit: {clause}"", ""Take another look: {item}"", L758). The tools field label reads ""Your tools and materials wording (required)"". Sub-questions are headings. Advisory: each accordion heading also includes the ""Your choice: …"" summary and the Open/Change/Close word, which makes heading lists long.","Tracker L754–770; Tools L333"
"Operable","2.4.7","Focus Visible","AA","Partially supports","Supports","Supports","Every focusable control on Stance, Limited, Disclosure, Documentation, Rationale and Result (91 controls) receives a :focus-visible outline of at least 2px, solid, from the applied CSS rules; every ring color measures ≥3:1 against its background (contrast table). A visual screenshot also confirms the ring on Continue. Browser-checked (Chromium, Round 3). Hands-on (reviewer, Sept 29, 2026, macOS; browser and version not recorded): the focus ring was visible on the focused step heading (screenshot, Stance step).","Global CSS L49–55"
"Operable","2.4.8","Location","AAA","Supports","Supports","Supports","""Step n of N"" in the header and the step h2 identify location; the live region announces the step label.","—"
"Operable","2.4.9","Link Purpose (Link Only)","AAA","Supports","Supports","Supports","Both links are self-describing.","—"
"Operable","2.4.10","Section Headings","AAA","Partially supports","Partially supports","Supports","All content sections now have headings (h2 per step, h3 sections, h4 draft clauses and ""Left open for now"").","All"
"Operable","2.4.11","Focus Not Obscured (Minimum)","AA","Needs manual test","Needs manual test","Supports","At 390px, each focusable control on Stance, Limited, Disclosure, Documentation and Rationale (68 controls) was focused in DOM order: none was fully hidden by the fixed draft bar (scroll-padding-bottom 96px, L45). The Result step has no bar. Browser-checked (Chromium, Round 3).","Mobile layout"
"Operable","2.4.12","Focus Not Obscured (Enhanced)","AAA","Needs manual test","Needs manual test","Needs manual test","2.4.11 passed (no control is fully hidden). AAA requires that no part of the control is hidden, which the automated check did not measure; check by eye at 390px.","Mobile layout"
"Operable","2.4.13","Focus Appearance","AAA","Partially supports","Needs manual test","Supports","The rings are solid, 2–3px thick, around the whole control, at ≥3:1 against adjacent colors (the 91 controls above). That meets the minimum-area and contrast requirements. Browser-checked (Chromium, Round 3).","Global"
"Operable","2.5.1","Pointer Gestures","A","Not applicable","Not applicable","Not applicable","No multipoint or path-based gestures.","—"
"Operable","2.5.2","Pointer Cancellation","A","Supports","Supports","Supports","All actions use click (up-event). The backdrop closes the sheet on click only.","—"
"Operable","2.5.3","Label in Name","A","Supports","Supports","Supports","Accessible names start with the visible text: card buttons concatenate title + description; tabs include the word count; accordion names include the question + ""Your choice…"" + Open/Change/Close (the numeral is aria-hidden).","All"
"Operable","2.5.4","Motion Actuation","A","Not applicable","Not applicable","Not applicable","No motion-triggered functions.","—"
"Operable","2.5.5","Target Size (Enhanced)","AAA","Partially supports","Partially supports","Partially supports","Most targets have min-height 44px. ""← Syllabus summary"" is 32px tall (L727). Designer Mode buttons are 38px (designer-only).","Result Canvas view L727"
"Operable","2.5.6","Concurrent Input Mechanisms","AAA","Supports","Supports","Supports","No input-type restrictions.","—"
"Operable","2.5.7","Dragging Movements","AA","Not applicable","Not applicable","Not applicable","No drag interactions.","—"
"Operable","2.5.8","Target Size (Minimum)","AA","Supports","Supports","Supports","All targets are ≥24×24 CSS px; the smallest is ""← Syllabus summary"" at 32px tall.","—"
"Understandable","3.1.1","Language of Page","A","Does not support","Supports","Supports","<html lang=""en""> in the source (L2) and the print HTML (L1448). Browser-checked (Chromium, Round 3). The shared bundle reports document.documentElement.lang = ""en"" after load.","L2; L1448; AI Policy Builder.html"
"Understandable","3.1.2","Language of Parts","AA","Supports","Supports","Supports","All content is English; no passages in other languages.","—"
"Understandable","3.1.3","Unusual Words","AAA","Partially supports","Partially supports","Partially supports","Terms such as ""GenAI"", ""process log"" and ""Methods of Inquiry"" are explained in context in most places; there is no glossary.","—"
"Understandable","3.1.4","Abbreviations","AAA","Partially supports","Partially supports","Partially supports","""GenAI"", ""UO"", ""APA"" and ""MLA"" are not expanded at first use, and there are no <abbr> elements.","Stance, Documentation"
"Understandable","3.1.5","Reading Level","AAA","Does not support","Does not support","Does not support","Instructional copy is written for faculty at post-secondary reading level; there is no simplified alternative.","All"
"Understandable","3.1.6","Pronunciation","AAA","Not applicable","Not applicable","Not applicable","No words whose meaning depends on pronunciation.","—"
"Understandable","3.2.1","On Focus","A","Supports","Supports","Supports","Focus alone triggers nothing.","—"
"Understandable","3.2.2","On Input","A","Partially supports","Supports","Supports","Auto-advance is kept, but it is now described in advance in both step intros (""Choosing most answers in question 1 moves you on to question 2.""), focus moves to the newly opened question, and ""Question 2 opened."" is announced (L1766, L1783). No other changes of context happen on input.","Disclosure L338; Documentation L444"
"Understandable","3.2.3","Consistent Navigation","AA","Supports","Supports","Supports","Back / Continue / Skip for now keep the same position and order on every step (L804–822).","Nav L807–825"
"Understandable","3.2.4","Consistent Identification","AA","Partially supports","Supports","Supports","""Decide later"" no longer appears; the defer option is labelled ""Not sure yet"" on every step, including in the summary labels. ""Not sure yet — compare the three first"" on Stance is a different function (it opens the comparison).","All deferrable steps"
"Understandable","3.2.5","Change on Request","AAA","Partially supports","Partially supports","Partially supports","Auto-advance is now announced in advance, but it is still initiated by the answer rather than by an explicit request.","Disclosure, Documentation"
"Understandable","3.2.6","Consistent Help","A","Not applicable","Not applicable","Not applicable","No help mechanism repeats across multiple pages. The UO guidance links appear only on the results view, and the builder is a single page.","—"
"Understandable","3.3.1","Error Identification","A","Partially supports","Supports","Supports","Blocked Continue stays focusable (aria-disabled + aria-describedby=""next-hint"", L813); blocker() (L1658) names the missing item, announces it and moves focus there. Browser-checked (Chromium, Round 3). Disclosure with Q2 empty focused the Q2 header (""Answer question 2…""); with ""It depends"" and an empty note it focused #f-subnote with the message ""Describe when AI-generated content may be included (required)…"".","L813, L822, L1658"
"Understandable","3.3.2","Labels or Instructions","A","Partially supports","Supports","Supports","Conditional required fields are labelled ""(required)"" and carry required/aria-required (L333, L383, L429, L503, L547); the Assignment scope group has aria-required and ""(required)"" (L653). Browser-checked (Chromium, Round 3). #f-subnote reports required=true, aria-required=true and a ""(required)"" label.","Tools, Disclosure, Documentation, Assignment"
"Understandable","3.3.3","Error Suggestion","AA","Partially supports","Supports","Supports","Each blocked state now gives a specific, correct suggestion (blocker L1658).","L1658"
"Understandable","3.3.4","Error Prevention (Legal, Financial, Data)","AA","Not applicable","Not applicable","Not applicable","No legal commitments, financial transactions or user-controllable data submitted to a server. Everything stays client-side.","—"
"Understandable","3.3.5","Help","AAA","Partially supports","Partially supports","Partially supports","""Things to consider"" disclosures and step intros give context-sensitive help on most steps; not every field has help.","—"
"Understandable","3.3.6","Error Prevention (All)","AAA","Does not support","Does not support","Does not support","Unchanged: ""Start fresh with a new policy"" (L1813) deletes saved answers without confirmation or undo.","Result"
"Understandable","3.3.7","Redundant Entry","A","Supports","Supports","Supports","Answers persist across steps and sessions (componentDidUpdate L1130).","—"
"Understandable","3.3.8","Accessible Authentication (Minimum)","AA","Not applicable","Not applicable","Not applicable","No authentication.","—"
"Understandable","3.3.9","Accessible Authentication (Enhanced)","AAA","Not applicable","Not applicable","Not applicable","No authentication.","—"
"Robust","4.1.1","Parsing (Obsolete and removed)","A","Not applicable","Not applicable","Not applicable","Obsolete in WCAG 2.2 and always satisfied. Not evaluated.","—"
"Robust","4.1.2","Name, Role, Value","A","Partially supports","Supports","Supports","Tabs follow the ARIA tabs pattern, accordions and compare use aria-expanded + aria-controls pointing at always-mounted panels, and ""revisit"" names are unique. Browser-checked (Chromium, Round 3). ArrowRight moved focus and selection to the Canvas tab, and the Syllabus tab dropped to tabindex −1; both tabpanel ids resolve; 14 visible ""Revisit:"" buttons had 14 unique names.","L212, L689–803, accordions"
"Robust","4.1.3","Status Messages","AA","Needs manual test","Needs manual test","Needs manual test","A polite role=""status"" region (L127) announces step changes, ""Question 2 opened."", ""Not-allowed uses opened."", ""Citation options shown."", each blocker message, ""Draft now has n paragraphs."", copy, download, print, rebuild/keep, resume and start fresh. Stale-edit alerts use role=""alert"" (L700). Verified in the browser: the status region's text updates with the correct message. Not verified (screen reader testing has not been completed): that each message is spoken, that it is not repeated, and that it does not interrupt the focused heading being announced.","L127, L700"